gene	rsID	p_value
HIPK2	rs9768870	0.02
COL11A1	rs12125734	0.03
COL11A1	rs28613981	0.01
CDH2	rs16946293	0.02
BCAR3	rs12757325	0.02859
BCAR3	rs12135187	0.04997
BCAR3	rs74101547	0.03695
BCAR3	rs74101548	0.03713
BCAR3	rs12125068	0.04996
BCAR3	rs17110498	0.0495
BCAR3	rs6688941	0.04796
BCAR3	rs75609696	0.004479
BCAR3	rs12138816	0.04336
BCAR3	rs56797450	0.0436
BCAR3	rs7544883	0.04488
BCAR3	rs11164966	0.01
BCAR3	rs78688954	0.00009538
TNS1	rs890052	0.03155
TNS1	rs16858459	0.03355
TNS1	rs77510646	0.01077
TNS1	rs16858457	0.02913
TNS1	rs58010652	0.02239
TNS1	rs2113826	0.02505
TNS1	rs13432615	0.02628
TNS1	rs13395110	0.02578
TNS1	rs34644497	0.006598
TNS1	rs71430277	0.002763
TNS1	rs7578283	4.987E-07
